{"loss": 0.20181018114089966, "acc": 0.9181249737739563}