{"loss": 0.34005701541900635, "acc": 0.8647500276565552}